<?xml version="1.0" encoding="UTF-8"?><tns:loginConfiguration xmlns:tns="http://www.worklight.com/auth/config" xmlns:xsi="http://www.w3.org/2001/XMLSchema-instance">
    <!-- Licensed Materials - Property of IBM
			 5725-G92 (C) Copyright IBM Corp. 2006, 2012. All Rights Reserved.
			 US Government Users Restricted Rights - Use, duplication or
             disclosure restricted by GSA ADP Schedule Contract with IBM Corp. -->
    <!---->
    <!-- staticResources>
		
	</staticResources -->
    <staticResources>
        <resource id="receiveSMS" securityTest="SubscribeServlet">
            <urlPatterns>/receiveSMS*</urlPatterns>
        </resource>
    </staticResources>
    <securityTests>
        <customSecurityTest name="SubscribeServlet">
            <test realm="wl_directUpdateRealm" step="1"/>
            <test isInternalUserID="true" realm="SubscribeServlet"/>
        </customSecurityTest>
    </securityTests>
    <realms>
        <realm loginModule="rejectAll" name="SubscribeServlet">
            <className>com.worklight.core.auth.ext.HeaderAuthenticator</className>
        </realm>
        <realm loginModule="StrongDummy" name="SampleAppRealm">
            <className>com.worklight.core.auth.ext.FormBasedAuthenticator</className>
        </realm>
        <!--IBM migration removed realm named WorklightConsole. It is not supported as of Worklight v6.2. Original xml kept in backup file.-->
        <!-- For websphere -->
        <!-- realm name="WASLTPARealm" loginModule="WASLTPAModule">
      		<className>com.worklight.core.auth.ext.WebSphereFormBasedAuthenticator</className>
      		<parameter name="login-page" value="/login.html"/>
      		<parameter name="error-page" value="/loginError.html"/>
    	</realm -->
    </realms>
    <loginModules>
        <loginModule name="rejectAll">
            <className>com.worklight.core.auth.ext.RejectingLoginModule</className>
        </loginModule>
        <loginModule name="StrongDummy">
            <className>com.worklight.core.auth.ext.NonValidatingLoginModule</className>
        </loginModule>
        <loginModule name="requireLogin">
            <className>com.worklight.core.auth.ext.SingleIdentityLoginModule</className>
        </loginModule>
        <!-- For websphere -->
        <!-- loginModule name="WASLTPAModule" canBeResourceLogin="true" isIdentityAssociationKey="false">
      		<className>com.worklight.core.auth.ext.WebSphereLoginModule</className>
    	</loginModule -->
    </loginModules>
</tns:loginConfiguration>
