<?xml version="1.0" encoding="UTF-8" standalone="no"?>
<wl:adapter xmlns:wl="http://www.worklight.com/integration" xmlns:http="http://www.worklight.com/integration/http" xmlns:xsi="http://www.w3.org/2001/XMLSchema-instance" name="InAppMessaging">

        <displayName>InAppMessaging</displayName>
        <description>InAppMessaging</description>
        <connectivity>
		      <connectionPolicy xsi:type="http:HTTPConnectionPolicyType">
               <protocol>https</protocol>
                  <domain>api.att.com</domain>          
               <port>443</port>        
		      </connectionPolicy>
            <loadConstraints maxConcurrentConnectionsPerNode="2"/>
        </connectivity>
 
   <procedure name="createMessageIndex"/>
   <procedure name="deleteMessages"/>  
   <procedure name="deleteMessage"/>      
   <procedure name="getMessage"/>      
   <procedure name="getMessageContent"/>      
   <procedure name="getMessagesDelta"/>   
   <procedure name="getMessageIndexInfo"/>
   <procedure name="getMessageList"/>                   
   <procedure name="sendMessage"/>
   <procedure name="updateMessage"/>      
   <procedure name="updateMessages"/>
 
</wl:adapter>
