<?xml version="1.0" encoding="UTF-8" standalone="no"?>
<!-- Attribute "id" must be identical to application folder name --><application xmlns="http://www.worklight.com/application-descriptor" id="Banking" platformVersion="6.2.0.00.20140904-1709">
    <displayName>Banking</displayName>
    <description>Banking</description>
    <author>
        <name>ATT Developer Platform</name>
        <email>devsupport-sf@list.att.com</email>
        <homepage>http://developer.att.com</homepage>
        <copyright>Copyright ATT 2013-2014</copyright>
    </author>
    <mainFile>Banking.html</mainFile>
    <features>
        <JSONStore/>
    <Analytics/>
</features>
    <thumbnailImage>common/images/thumbnail.png</thumbnailImage>
    <iphone applicationId="Banking" bundleId="com.Banking" version="1.2">
        <worklightSettings include="true"/>
        <security>
            <encryptWebResources enabled="false"/>
            <testWebResourcesChecksum enabled="false" ignoreFileExtensions="png, jpg, jpeg, gif, mp4, mp3"/>
        </security>
    </iphone>
    <android version="1.2">
        <worklightSettings include="true"/>
        <security>
            <encryptWebResources enabled="false"/>
            <testWebResourcesChecksum enabled="false" ignoreFileExtensions="png, jpg, jpeg, gif, mp4, mp3"/>
            <publicSigningKey>Replace this text with the public key of the certificate with which you sign the APK. For details see the Worklight Developer's Reference Guide.</publicSigningKey>
        <packageName>com.Banking</packageName>
        </security>
    </android>
</application>
